annotation_class,candidate_ids,object_family,predicate_json,reason,rule_id,score,source_refs
SOURCE_NORMALIZATION,FL_CL_SO|FL_PN_SO,flange_type,"{""all"":[{""field"":""utility_service"",""op"":""eq"",""value"":true},{""field"":""low_sealing_demand"",""op"":""eq"",""value"":true},{""field"":""flammability"",""op"":""in"",""value"":[""nonflammable"",""unknown"",null]}]}",公用工程、非易燃、低密封要求优先平焊,SC_FL_UTILITY_SO,45,E_P490
SOURCE_NORMALIZATION,FL_CL_TH|FL_PN_TH,flange_type,"{""field"":""instrument_service"",""op"":""eq"",""value"":true}",仪表小口径工况优先螺纹法兰,SC_FL_INSTRUMENT_TH,70,E_P490|E_P532
SOURCE_NORMALIZATION,FL_CL_LF_SE|FL_PN_PJ_SE|FL_PN_PJ_RJ,flange_type,"{""field"":""lining_material"",""op"":""in"",""value"":[""stainless"",""nickel"",""titanium"",""other""]}",衬里管道优先松套/焊环结构,SC_FL_LINED,70,E_P490
DETERMINISTIC_DERIVATION,FL_PN_BL_S,flange_type,"{""all"":[{""field"":""closure_required"",""op"":""eq"",""value"":true},{""field"":""lining_material"",""op"":""in"",""value"":[""stainless"",""nickel"",""titanium"",""other""]}]}",衬里盲端优先衬里法兰盖,SC_FL_LINED_CLOSURE,35,E_P035|E_P036
SOURCE_NORMALIZATION,FL_PN_WN|FL_CL_WN|FL_PN_IF|FL_CL_IF,flange_type,"{""any"":[{""field"":""severe_cyclic"",""op"":""eq"",""value"":true},{""field"":""thermal_shock"",""op"":""eq"",""value"":true}]}",循环/热冲击优先高刚性结构,SC_FL_CYCLIC_WN,60,E_P250|E_P490
ENGINEERING_NORMALIZATION,FL_PN_WN|FL_CL_WN|FL_PN_IF|FL_CL_IF,flange_type,"{""any"":[{""field"":""toxicity"",""op"":""in"",""value"":[""high"",""extreme""]},{""field"":""flammability"",""op"":""in"",""value"":[""flammable"",""highly_flammable""]},{""field"":""leak_tightness"",""op"":""in"",""value"":[""high"",""zero_emission""]}]}",高危或高密封要求优先刚性较高的对焊/整体法兰,SC_FL_HIGH_HAZARD_WN,45,E_P250|E_P490
SOURCE_NORMALIZATION,FACE_FF,facing,"{""any"":[{""field"":""flange_material_group"",""op"":""eq"",""value"":""cast_iron""},{""field"":""mating_material_group"",""op"":""eq"",""value"":""cast_iron""}]}",铸铁接口优先FF,SC_FACE_CAST_FF,80,E_P491|E_P532
SOURCE_NORMALIZATION,FACE_FM_M_PAIR,facing,"{""field"":""internal_component_connection"",""op"":""eq"",""value"":true}",内部连接优先FM/M配对,SC_FACE_INTERNAL_FM,35,E_P490
ENGINEERING_NORMALIZATION,G_NON_ASBESTOS_FIBER,gasket_type,"{""all"":[{""field"":""utility_service"",""op"":""eq"",""value"":true},{""field"":""toxicity"",""op"":""in"",""value"":[""normal"",""moderate"",""unknown"",null]},{""field"":""vacuum_level"",""op"":""in"",""value"":[""none"",""unknown"",null]}]}",一般公用工程优先非石棉纤维橡胶板,SC_G_LOW_GENERAL_NAF,48,E_P252|E_P492
ENGINEERING_NORMALIZATION,G_MODIFIED_PTFE|G_PTFE_FLAT|G_PTFE_ENVELOPE_B,gasket_type,"{""field"":""corrosivity"",""op"":""in"",""value"":[""moderate"",""high"",""severe""]}",腐蚀性工况优先PTFE类，仍须材料相容性确认,SC_G_CORROSIVE_PTFE,80,E_P252|E_P492
ENGINEERING_NORMALIZATION,G_SPIRAL_D|G_KAMMPROFILE_B|G_KAMMPROFILE_C,gasket_type,"{""any"":[{""field"":""toxicity"",""op"":""in"",""value"":[""high"",""extreme""]},{""field"":""flammability"",""op"":""in"",""value"":[""highly_flammable""]},{""field"":""leak_tightness"",""op"":""in"",""value"":[""high"",""zero_emission""]},{""field"":""severe_cyclic"",""op"":""eq"",""value"":true}]}",高危、高密封或循环工况优先带定位/约束的半金属垫,SC_G_HIGH_HAZARD_SPIRAL,65,E_P491|E_P492
DETERMINISTIC_DERIVATION,G_MICA_COMPOSITE,gasket_type,"{""field"":""temperature_c"",""op"":""gt"",""value"":650}",650~900℃范围优先云母复合垫；仍须核对压力和材料,SC_G_HIGH_TEMP_MICA,80,E_P252|E_P492
SOURCE_NORMALIZATION,G_PTFE_ENVELOPE_B,gasket_type,"{""field"":""dn_mm"",""op"":""lte"",""value"":500}",A/B均适用时标准说明推荐B型,SC_G_ENVELOPE_B_RECOMMENDED,30,E_P015|E_P162
SOURCE_NORMALIZATION,G_PTFE_ENVELOPE_C,gasket_type,"{""field"":""dn_mm"",""op"":""gte"",""value"":350}",DN≥350可采用C型,SC_G_ENVELOPE_C_LARGE,35,E_P015|E_P162
SOURCE_NORMALIZATION,G_PTFE_ENVELOPE_B,gasket_type,"{""field"":""flush_bore_required"",""op"":""eq"",""value"":true}",机加工B型可加厚内径并利于与法兰内径齐平,SC_G_FLUSH_BORE_B,45,E_P015|E_P162
ENGINEERING_NORMALIZATION,G_SPIRAL_D,gasket_type,"{""field"":""current_facing"",""op"":""in"",""value"":[""RF"",""FF""]}",RF/FF时D型缠绕垫兼具内环和对中环,SC_G_RF_SPIRAL_D,35,E_P178|E_P416
SOURCE_NORMALIZATION,G_SPIRAL_B,gasket_type,"{""field"":""current_facing"",""op"":""eq"",""value"":""FM/M""}",FM/M配B型带内环缠绕垫,SC_G_FM_SPIRAL_B,45,E_P178|E_P416
SOURCE_NORMALIZATION,G_SPIRAL_A,gasket_type,"{""field"":""current_facing"",""op"":""eq"",""value"":""T/G""}",T/G配A型基本缠绕垫,SC_G_TG_SPIRAL_A,45,E_P178|E_P416
ENGINEERING_NORMALIZATION,G_RING_OCTAGONAL,gasket_type,"{""field"":""ring_joint_required"",""op"":""eq"",""value"":true}",椭圆/八角均为标准型式；无环槽细节时以较高注册优先级唯一收敛，须复核环号,SC_G_RJ_OCT,8,E_P202|E_P446
ENGINEERING_NORMALIZATION,FST_PN_HEX_I|FST_CL_HEX_I,fastener_type,"{""all"":[{""field"":""severe_cyclic"",""op"":""eq"",""value"":false},{""field"":""thermal_shock"",""op"":""eq"",""value"":false},{""field"":""toxicity"",""op"":""in"",""value"":[""normal"",""moderate""]}]}",有来源事实确认低等级、非严重循环时可用六角头螺栓组件；未知条件不触发,SC_FST_LOW_BENIGN_HEX,60,E_P254|E_P493
ENGINEERING_NORMALIZATION,FST_PN_FULL_II|FST_CL_FULL_HH,fastener_type,"{""any"":[{""field"":""severe_cyclic"",""op"":""eq"",""value"":true},{""field"":""thermal_shock"",""op"":""eq"",""value"":true},{""field"":""temperature_c"",""op"":""gt"",""value"":200}]}",高温、循环或热冲击优先全螺纹螺柱,SC_FST_SEVERE_FULL,70,E_P254|E_P493|E_P494
